month,category,revenue,n_orders
2026-04,Beauty & Personal Care,207421.46,59
2026-04,Ethnic Wear,421858.43,58
2026-04,Home & Kitchen,619987.73,63
2026-04,Kids Wear,241899.28,63
2026-04,Western Wear,391501.83,57
2026-05,Beauty & Personal Care,235710.83,62
2026-05,Ethnic Wear,493572.34,63
2026-05,Home & Kitchen,494285.21,48
2026-05,Kids Wear,243977.89,63
2026-05,Western Wear,429203.55,64
2026-06,Beauty & Personal Care,238323.37,63
2026-06,Ethnic Wear,668716.09,75
2026-06,Home & Kitchen,479068.32,55
2026-06,Kids Wear,186472.78,46
2026-06,Western Wear,382377.37,61
